id,Dataset,Method,Model,accuracy example-based,AUPRC,AUROC,average precision,coverage,F1-score example-based,hamming loss example-based,macro F1-score,macro precision,macro recall,micro F1-score,micro precision,micro recall,one error,precision example-based,ranking loss,recall example-based,subset accuracy,testing time,training time
1,ABPM,Ada300,"""model_parameters"":{""iterators"":""300""}",0.9362139917695474,0.9900282124151804,0.982753708522479,0.9954423868312758,4.049382716049383,0.9639320898580158,0.04938271604938271,0.9116125307714092,0.8969135802469136,0.937985008818342,0.9628482972136223,0.9628482972136223,0.9628482972136223,0,0.9674897119341563,0.016975308641975308,0.9679012345679013,0.7160493827160493,0.05051887035369873,1.5259308815002441